{
  "train_loss": [
    1.94377635206495,
    1.5277468306677682,
    1.2760324716567992,
    1.092580761228289,
    0.9712726967675346,
    0.9086719376700265,
    0.7391178318432399,
    0.600361328465598,
    0.5593998227800642,
    0.48976898533957347,
    0.46213620049612864,
    0.5009858403887067,
    0.4344333393233163,
    0.4063054242304393,
    0.33343544346945625,
    0.34189269457544597,
    0.40751298325402396,
    0.35841125590460643,
    0.3142413215977805,
    0.2859073059899466,
    0.233695245214871,
    0.24940377048083714,
    0.22790463524205343,
    0.27722514356885636,
    0.23151225660528454,
    0.2407298505306244,
    0.23400080289159503,
    0.24001826558794295,
    0.24744720884731838,
    0.22071573776858194
  ],
  "train_acc": [
    0.2357142857142857,
    0.38392857142857145,
    0.45535714285714285,
    0.5410714285714285,
    0.6232142857142857,
    0.6375,
    0.6946428571428571,
    0.7803571428571429,
    0.7660714285714286,
    0.8178571428571428,
    0.8196428571428571,
    0.7982142857142858,
    0.8392857142857143,
    0.8446428571428571,
    0.8892857142857142,
    0.8732142857142857,
    0.8392857142857143,
    0.8642857142857143,
    0.8803571428571428,
    0.9125,
    0.9232142857142858,
    0.9178571428571428,
    0.925,
    0.8982142857142857,
    0.9357142857142857,
    0.925,
    0.9125,
    0.9267857142857143,
    0.8964285714285715,
    0.9321428571428572
  ],
  "val_loss": [
    2.0910064220428466,
    3.305935287475586,
    1.5378835678100586,
    1.3467734336853028,
    0.9509629249572754,
    0.7700069069862365,
    0.7890286207199096,
    0.4945353984832764,
    0.36506242752075196,
    0.5466220259666443,
    0.360522723197937,
    0.6225976824760437,
    0.4230671525001526,
    0.27425281405448915,
    0.3645411849021912,
    0.2633339881896973,
    0.2264011025428772,
    0.2189124882221222,
    0.22006124258041382,
    0.18618696331977844,
    0.16626148521900178,
    0.1813882291316986,
    0.18848068714141847,
    0.16627244055271148,
    0.1759648472070694,
    0.16780884563922882,
    0.16176192462444305,
    0.16708797514438628,
    0.17304416000843048,
    0.16449002921581268
  ],
  "val_acc": [
    0.125,
    0.125,
    0.3875,
    0.45,
    0.5375,
    0.6625,
    0.6,
    0.8125,
    0.85,
    0.7625,
    0.875,
    0.6875,
    0.825,
    0.875,
    0.875,
    0.875,
    0.9125,
    0.9125,
    0.9,
    0.925,
    0.9375,
    0.9125,
    0.9125,
    0.925,
    0.925,
    0.9375,
    0.9375,
    0.925,
    0.925,
    0.9375
  ],
  "lr": [
    0.0009972883382072953,
    0.0009891830623632338,
    0.0009757729755661011,
    0.0009572050015330874,
    0.0009336825748732973,
    0.0009054634122155991,
    0.0008728566886113102,
    0.0008362196501476349,
    0.0007959536998847742,
    0.0007525,
    0.0007063346383225212,
    0.000657963412215599,
    0.0006079162869547909,
    0.0005567415893174886,
    0.0005050000000000002,
    0.0004532584106825117,
    0.00040208371304520916,
    0.00035203658778440114,
    0.000303665361677479,
    0.0002575000000000002,
    0.0002140463001152259,
    0.00017378034985236537,
    0.00013714331138868995,
    0.00010453658778440111,
    7.631742512670288e-05,
    5.279499846691254e-05,
    3.422702443389901e-05,
    2.0816937636766188e-05,
    1.2711661792704668e-05,
    1e-05
  ]
}